<?xml version="1.0" encoding="UTF-8"?>
<beans xmlns="http://www.springframework.org/schema/beans"
       xmlns:xsi="http://www.w3.org/2001/XMLSchema-instance"
       xmlns:aop="http://www.springframework.org/schema/aop"
       xmlns:context="http://www.springframework.org/schema/context"
       xmlns:jee="http://www.springframework.org/schema/jee"
       xmlns:p="http://www.springframework.org/schema/p" xmlns:jpa="http://www.springframework.org/schema/data/jpa"
       xsi:schemaLocation="http://www.springframework.org/schema/beans http://www.springframework.org/schema/beans/spring-beans-3.0.xsd
        http://www.springframework.org/schema/context http://www.springframework.org/schema/context/spring-context-3.0.xsd
        http://www.springframework.org/schema/jee http://www.springframework.org/schema/jee/spring-jee-3.0.xsd http://www.springframework.org/schema/data/jpa http://www.springframework.org/schema/data/jpa/spring-jpa.xsd">

    <!--<jpa:repositories base-package="com.world.ico.dao" />-->
    <context:annotation-config />
    <!--扫描-->
    <context:component-scan base-package="com.world.ico"/>


    <!-- 导入多个Properties配置文件 -->
    <bean id="propertyConfigurer" class="org.springframework.beans.factory.config.PropertyPlaceholderConfigurer">
        <property name="locations">
            <list>
                <!--要是有多个配置文件，只需在这里继续添加即可 -->
                <value>classpath:hibernate.properties</value>
            </list>
        </property>
    </bean>
    <context:component-scan base-package="com.world.ico">
    </context:component-scan>
    <!-- 加载数据源组件 -->
    <import resource="classpath:/MEB-INF/infrastructure.xml" />

</beans>